overall-label,title
business,Beijing-Xiongan intercity rail to start construction in March
business,Market access thresholds to be lowered or dumped
business,Event boosts protection of intellectual property rights
politics,Inspections find rampant violation of environmental rules in China
business,Lotte to sell stores to Wumart for $230m
business,Transport network transforms Chengdu
politics,Newsstands face battle amid changing times
politics,Beijing's sub-center plans for 1.3 million permanent residents
business,Nation to boost reach of credit tracking system
education,Survey: Bullying affects half of students
business,China US to implement specific contents of trade agreement
life-style,CNSO holds concert to mark Li Delun centenary
education,Sinologists bring new perspectives and offer advice
tech,Yidianzixun CEO: Capital plays important role in internet industry
life-style,Rani Mykerji visits China to promote mainland's latest Bollywood release
education,Overseas study no longer a guarantee of success
life-style,After heading downhill man reaching new heights
life-style,Beijing's historic axis to seek World Heritage status
education,Interest in winter sports heating up at school
life-style,Chinese culture celebrated on Lunar New Year's eve in Helsinki
life-style,Beijing temple marks Confucius' birth anniversary
business,US tariff threats violate WTO rules: MOC
politics,Train to Beijing's new airport passes trial run
education,China the priority for exchanges with the Netherlands says top diplomat
tech,China to operate more 'Fuxing' bullet trains
life-style,French artist revives human-nature bond in Beijing
politics,Tests on Zhangjiakou rail link in 2019
life-style,Spreading its wings
tech,New center seen as boosting regional scientific research
life-style,Palace Museum produces musical album amid efforts to go digital
tech,Data security prepares world for 5G revolution
politics,New laws to improve preschool safety
education,Traditional culture training set for Beijing teachers
politics,Beijing to supply 1000 hectares of rural collective land for public housing
life-style,Travel magazine forum looks at new trends in industry
life-style,Road trip to Russia to promote red tourism
politics,Designing a new relationship
business,Firms ride high tide of Internet
life-style,US author tweaks Great Wall story about love
politics,City gears up for first import expo
tech,AI looks certain to reshape our daily lives
life-style,Beijing embroidery shines with new designs
business,5 Beijing startups head for seed-money showdown
politics,Fast trains with a China International Import Expo theme enter service
politics,All aboard: A look at China's high-speed rail 10 years on
politics,Chinese enterprises should improve their environmental information: Report
education,Book depicting poverty alleviation in China's Tibetan region published
business,Li: Foreign companies to be equals
life-style,Royal Edinburgh Military Tattoo screened in China
tech,Beijing Benz recalls faulty automobiles in China
business,Countdown begins for service trade fair
politics,Buddhists advised to strengthen ethics
politics,Residents confident of Xiongan's future
politics,Asia's largest railway station being built in Beijing
life-style,Sharing business sprawls in people's life
business,White House announces members of US delegation to China for trade talks
politics,Counterfeit Starbucks coffee found; fake cat mugs discovered in Jiangsu
business,Mummy entrepreneur turns key opinion maker
life-style,Photo exhibition in Pakistan celebrates Chinese New Year
life-style,Beijing¡¯s Yanqing district gears up for international expo and Winter Olympics
life-style,Age no bar
life-style,'Beijing has attractions my hometown can't provide'
life-style,Beijing shows off heritage creativity cultural exports
life-style,Many travelers ride Beijing-Xiongan bullet trains
tech,Third Technology Diplomats¡¯ Innovation Resources Matchmaking Action Forum held in Beijing
life-style,What's on in Beijing (April 14-21)
politics,Qian 90 enhanced foreign relations
business,Influence of trade friction on China's macro economy limited: analysts
education,Semester begins for China's first group of AI graduate students
politics,Passes will save money on Beijing-Tianjin rail route
education,Beijing awards scholarships to students from Belt and Road countries
life-style,Hamlet returns in new version
education,Students' poor eyesight catches eyes of Chinese leadership
politics,Beijing mulls banning fireworks in city proper
business,Italian shoe designer takes right step in Taiyuan
education,Studying abroad a growing trend
business,Talks in US ward off trade war
education,Traditions and lack of educators hamper work in rural areas
business,Foreign investors to drive more of Beijing¡¯s real estate market
politics,President: Nation will host 'clean pure' Games
business,China praises Trump's ZTE comments
politics,Experts say national gene bank could lower healthcare costs
life-style,Keeping up with tradition
business,More Chinese tourists visit Japan
business,Signature's Restaurant launch attracts over 300
business,Top 10 female entrepreneurs in tech
life-style,Baby caring room debuts in Palace Museum
education,I want to act as a cultural bridge for both countries
politics,Beijing's new airport expressway to be finished in June
tech,Chinese carriers wrest 5G lead
life-style,Exquisite mirrors from ancient royal court
business,Digital economy development crucial for high-quality growth say experts
life-style,Ice cascade wonderland in Beijing
life-style,Collective memories in the nation's history
life-style,Shows
politics,Work on new Beijing airport's major facilities nearly complete
politics,Express rail to link new Beijing airport with Xiongan
tech,Electronics recycling platform Aihuishou eyes overseas growth
business,Kung fu market's future in the balance
politics,Ground transport network to serve capital's new airport mapped out
education,My China story
politics,Xi meets Tajik president
politics,Mystery post divulges details on first couple
life-style,Music alliance celebrates Silk Road
life-style,What's on in Beijing (April 15-21)
life-style,Breath of fresh air
business,Xinjiang receives $2.37b investment from 19 provincial regions in 2017
business,Top 10 richest Chinese women in 2017
business,ANTA become official partner of Beijing 2022 Winter Olympics
politics,Beijing-Tianjin-Hebei cluster to see organized development
life-style,Experts gather to discuss tourism in the digital era
business,260 Chinese cities to share transport cards this year
business,Tech city gives aviation sector wings
politics,Great Wall plan to protect giant relic
politics,Pollution gets worse in N. China
business,China urges US to cease Section 301 investigation
education,Top Chinese arts schools stage show at Tsinghua University
business,Heads of Guangdong HK and Macao pin hopes on Bay Area
life-style,Beijing website lists people companies with poor credit
business,Investors develop a sweet spot for Chinese healthcare in 2018
life-style,Latin American festival being held in Daxing
business,China to implement three-year transport development plan
business,China-US dialogue on trade to continue
tech,BeiDou navigation system applied in laying tracks for Beijing-Xiongan intercity railway
tech,Journalists to enjoy 5G coverage at sessions
business,Jasmine flower growers find budding prosperity
life-style,Peking opera films debut at Beijing International Film Festival
politics,New head of market regulator appointed
politics,Opening day set for new Beijing airport
life-style,Genre-bender
life-style,Yanqing to promote ice and snow industry for 2022 Winter Olympics
tech,Beijing transport firm to boost e-bus charging stations
politics,Tough new car-hailing regulations in Beijing
life-style,Two new shows to kick off Beijing music fest
education,Kindergartens scrutinized
education,Chinese start to talk more about sex education
tech,Nation gives some deep thinking to philosophy
tech,Prosecutors pledge to protect personal data
education,China auctioneer launches new art program
business,Foreign Investment Law highly anticipated in healthcare sector
politics,Resolution reached in first 'toxic track' court case
business,Trade discussions start in Beijing
business,Co-working space sector set to boom
education,Beijing encourages students to be restoration experts at Forbidden City
business,Roast duck restaurant eyes bigger global pie
politics,Change in the air
business,Top 10 tourist cities on Chinese mainland
politics,Execs praise nation's openness
business,In China's Silicon Valley talent fosters growth
business,Sophistication sells
politics,Villagers recruited to protect Beijing section of Great Wall
business,Beijing courts take steps to protect IP
tech,New technologies help museums spread their wings
education,Beijing gets tough with private education institutions
life-style,Yanqing well-prepared for horticulture expo
tech,Quantum communication networks put in service in Central China
education,Chinese start-up launches child-rearing service sharing platform
life-style,Chinese New Year cheer celebrated early in Beijing
business,Beijing opens up headhunting market
life-style,China-Nepal Culture Salon promotes mutual understanding
business,Resolving trade issues 'a long-term effort'
tech,Report of water-fueled car called incomplete
business,Beijing urges private sector to help build venues for 2022 Games
life-style,Musical tribute to the mainland
life-style,When classical dance meets contemporary art
politics,Transport card to cover Beijing-Tianjin-Hebei region
politics,Coal gas emissions car exhaust are major causes of air pollution
tech,Intelligent connected cars hold keys to the future
education,Close-ups of China
life-style,Natural effects
politics,Food additive regulation gets tougher in Beijing
tech,Noitom brings immersive VR to Beijing communities
business,Apple steps up local ties to grow business in China
business,Mix will firm up concrete industry
life-style,Paintings display cultural intersections
tech,Sleek new bullet trains enter service
politics,Beijing launches platform to boost cultural cooperation
business,Theater live booming in China
tech,Top 10 predictions for tech sector
politics,Special traffic lanes created for Beijing horticultural expo
politics,2017: China's year in review
politics,Prospective environment chief makes debut
politics,China to further freight train cooperation with Mongolia Russia
business,China and US achieve positive and concrete progress
education,Young Chinese usher 'guoxue' into modern era
business,Adidas kicks off two-month-long brand campaign
tech,This Day That Year: Jan 21
business,TV viewers in US may pay more due to proposed tariffs
business,15 global organizations to attend WRC 2017
life-style,Pleasure and Pain: The art of shoes on display in Beijing
life-style,Old factories transformed into cultural parks in Beijing
life-style,An ode to the clarinet
life-style,Pitch perfect: Post-90s girl mixes sound
tech,Top 10 countries in internet development
business,Italy's 'essence of excellence' continues to draw interest
tech,Beijing plans to launch self-driving buses in 2022
tech,Expert opinion voiced at big data expo
life-style,Kris Wu performs in Beijing for Alive Tour
business,Five examples of internet changing lives showcased at the China Internet Conference
tech,Tech festival held in Beijing
education,Schools suspend outdoor activities after strong winds kill four
business,Guangzhou opens unmanned 'car vending machine'
life-style,Soccer fan cyclist pedals to Moscow for World Cup final
business,China-US economic trade consensuses 'meet interests of the people': vice-premier
education,Shanghai luring top Beijing graduates
business,China rocketing on information superhighway
education,China's first Swiss school opens in Beijing
politics,Subway line to new Beijing airport on track
politics,Highway linking Beijing's new airport with downtown nears completion
politics,Beijing court speeds up handling of simple disputes
politics,Beijing is China's 'smartest city': report
life-style,Listings
life-style,Decoding creativity
business,More job hunting challenges for applicants this winter report says
life-style,Book fair features celebrated authors highlights China's outreach to world
business,Fitness industry works up a sweat in internet age
politics,Beijing achieves air quality goal in 2017
life-style,What's on in Beijing (Dec 15-21)
politics,Court upholds man¡¯s prison sentence for buying ivory products
tech,'Different temperatures on the same train' in Beijing's subway
education,Online education relieves burdens for students and teachers: Report
tech,Beijing subways to get bio-ID system
politics,China holds meeting celebrating navy's 70th founding anniversary
politics,Xi to address Conference on Dialogue of Asian Civilizations
life-style,Silk Road tour highlights Dunhuang elements
business,Multilateralism protects global trade
life-style,Celebrating a nomadic culture
tech,Beijing bans fireworks in central area
politics,Authorities probe luxury hotels over hygiene claims
tech,Huge 5G rollout to see Chinese telecoms take center stage
life-style,Hitting rare notes
life-style,Fusion form
business,World sees shared future a new goal of economic development
education,Inspections target food outlets near Beijing schools
life-style,Most fake postings relate to health food
life-style,Young artists encouraged to be brave
business,China US agree on some trade issues
business,Tianjin betting on industrial restructuring for GDP growth
business,Rural vitalization drive gets priority
politics,New air routes could lift tourist numbers
politics,New fence guards Miyun Reservoir
life-style,Age no bar for Chow Yun-fat
politics,Beijing-Tianjin-Hebei cluster to see more balanced development
business,Helping Chinese holiday in Hawaii
politics,Beijing to enforce stricter garbage sorting rules
education,Parents opt for overseas trips and 'education through entertainment'
life-style,Night bus tours offered for the first time in Beijing
tech,Delivery robots start your engines
business,Direct air route links Sanya London
life-style,¡®My Dream¡¯ redux: An inspiring and dramatic tour de force
business,Digital economy driving progress
tech,Congestion-free future of urban transport envisioned at conference
politics,Capital to serve up late-night dining
tech,Multimedia extravaganza 'Memory5D+' highlights Chinese culture
education,Open University of China concludes first English Speaking Contest
business,Testing times ahead for Chinese investment in US
business,US unilateral trade actions violate WTO principles: Expert
business,Chaoyang facilitates win-win service sector cooperation
tech,China's fastest subway train to run in September
life-style,Mini-gyms spring up to offer quick and convenient access to exercise
life-style,Taking the stress out of holiday travel rush
politics,Mexico eyes stronger ties with China
life-style,Home is where your heart is
tech,Innovation week spotlights high-tech breakthroughs
business,Caps on foreign ownership eased in life insurance JVs
business,Beijing to see upgrades to CBD
business,'Fuxing' helps deliver goods after Nov 11 shopping spree
politics,Beijing closes 171 tourist sites amid rain flights disrupted
business,US China have more areas of engagement than that of disagreement: Former US ambassador
politics,Xiongan to be assisted by Beijing
life-style,Hoops harmony helping build bridges
tech,Technology expo wows in Beijing
politics,Xi meets Djiboutian president
business,Dalian gets boost from Summer Davos
education,Innovation and dedication
business,Beijing says hegemony behind US actions
life-style,In Beijing a green belt of health and happiness
life-style,Tourism rides high on Chinese Valentine's Day
tech,Chinese firms harness technology for empowerment
life-style,iQiyi buys rights to turn 'The Mermaid' into TV series
life-style,Children's classics an effort to tap global market
politics,Beijing courts handle over 36000 IPR cases in 2017
politics,CCDI intensifies supervision of corruption cases
politics,New railway plan speeds up some travel times
business,Start-up incubator announces establishment of experience center in Langfang
politics,Beijing releases first comprehensive geographic survey
life-style,Top 10 Chinese cities with the most app users buying fresh food
politics,Xi talks with deliverymen in Beijing
business,Change of pace ahead for fintech
life-style,Leading tour operator plans to upgrade services
business,Beijing may have response to Washington
life-style,Beijing artist showcases wide range of work at solo exhibition
education,Event marks 10 years of China's links with Italian school
politics,Interns make a case for time at top court
life-style,Remembering the changes through music
politics,Major tasks for 2019: Government Work Report
business,Beijing counterfeiters given hefty sentences
politics,'Snowflake boy' reflects cold rural reality
business,Air tickets homestays sold out for May Day holiday
tech,Study finds gene associated with twin pregnancy
life-style,British library brings its treasures to China
politics,China aiming to appeal to more European tourists
politics,Odds dim for getting car license in Beijing
life-style,Chinese music finds new foothold in United States
business,E-commerce giants push forward poverty alleviation
life-style,Warming up to winter sports
politics,Cross-Straits symposium moves relations forward
life-style,2 direct flights to stop in October
education,Beijing relaxes rules on school entry for renters' children
life-style,Beijing prepares to be blown away by US Civil War classic
life-style,18-year-old receives lifetime supply of beer
life-style,Swire Properties Beijing Music Festival bring high art to capital
politics,Vessels will continue to monitor leak
life-style,Cultural ministers of China Uruguay meet in Beijing
business,Trump may send envoy to talk trade
education,'Love Letters' to debut in Beijing in August
politics,China New Zealand agree to deepen comprehensive strategic partnership
business,Licensed products mark start of Olympic Beijing time
education,A question of connections
life-style,Chinese jazz musician releases new album
life-style,Sober reading of improvement in air quality needed says vice-minister
education,Forum's young volunteers ready to represent 'prospering China'
life-style,Sino-African art show builds ties
politics,Xiongan transport map sets out rail road plans
life-style,Make traditional treasures come alive says Palace Museum director
business,Breaking the mold: 26-year-old poses for older people
education,New programs improve quality of tuition
business,Dalian gears up for 2019 Summer Davos Forum
life-style,Tsinghua graduate sets up cultural institute in Hebei
business,Beijing subway: Man behind the scenes
life-style,Diplomatic envoys have springtime date in Palace Museum
politics,President urges saturation in sports
business,Domestic US firms win big at tech awards
business,Foreign firms to gain wider market access
politics,President Xi delivers his 2018 New Year Address
politics,Organizers look to secure Olympic legacy
life-style,Sinologists get a look at local culture
life-style,A magnum opus' death of a thousand cuts
life-style,TV series highlights the struggles of
business,Austrian companies embrace China's winter sports sector
business,Beijing's dining-out market valued at more than 100 billion yuan
life-style,Francophonie Festival to kick off in Beijing
education,Learning to connect
business,US farmer buoyed by China's huge beef market
life-style,China-EU literary festival promotes cultural exchanges
business,Li pledges improved climate for businesses
tech,15 cutting-edge technologies debut at WIC
life-style,Forum discusses ways to strengthen Sino-Greek links
politics,Didi Chuxing aims to be smart transportation provider
business,Shanghai's trade role is key  Xi says
tech,Documentary explores the significance of Zhongguancun
politics,Beijing subway to launch one-day pass
politics,Sinologist wants China to grow confident
life-style,French festival now on in Beijing
business,Smart choices bring huge dividends as firms walk the extra mile
life-style,Five distinguished Chinese publishing houses and their books
business,Chinese brands look to new horizons at summit
education,Exhibition jogs nation's collective memory
politics,More are now eager to turn the page in the capital
life-style,Peking Opera on big screen
business,Traveling alone opens up a new tourism market
politics,Beijing targets mosquitoes to cut dengue risk
life-style,Classical collaboration
education,Foreign physicist finds motivation in missionary of 1700s
life-style,Travel agencies report upsurge in ticket bookings
business,Returning workers succeed at home
politics,Accountability to protect antiquities
business,Japan's Orix spurred by Davos sites HQ in Dalian
business,Development plan to boost cooperation
business,Executives of TCM company in trouble over honey
politics,Track in place for smart high-speed rail serving 2022 Winter Olympics
business,China locked and loaded as trade tensions escalate
life-style,Hungarian art show in Beijing marks East-West dialogue
life-style,What's on in Beijing (Aug 12-18)
life-style,Sinologist visiting program kicks off in Beijing
politics,Beijing invites artists to design 2022 Winter Games mascots
life-style,'France Day' observed at Beijing horticultural expo
business,China's economic hubs face grave ecological challenges
tech,Beijing robot meeting highlights cooperation
politics,Air China adds more Belt and Road routes
business,Innovation drive helps grow farming area into smart hub
politics,Final preparations for upcoming Beijing horticultural expo completed
business,Beijing seeks foreign talent for service industry
life-style,Royal view
politics,Authorities act against illicit meat trade
politics,Beijing CDC sees rise in flu infections among children
education,Scholar to fund study of culture that gives her peace
education,Cram school corrections ordered after scrutiny
politics,New longer Fuxing bullet train to start operation in July
life-style,Art music and shows in Beijing (May 17-31)
politics,Official: Beijing sign regulations won't cause 'monotony'
education,Online education gains momentum in China
education,Teaching in Chengdu
politics,BRICS meeting to review security
politics,Cai Qi -- Member of Political Bureau of CPC Central Committee
business,Russian companies look to facilitate export trade
life-style,Going global
life-style,This luxury hotel is clean right Guess again
life-style,Total immersion
tech,Expressway with autopilot lanes to link Beijing Xiongan
life-style,Chinese tourists go to South Korea
education,Capital will make room to enroll more kindergartners
business,Elekta to use exhibition as springboard for future
life-style,Mixing sounds
life-style,Guinean govt cultural delegation pays visit to China
politics,Li says closing door hurts everyone
tech,China leading the world in app development: Apple China chief
politics,This Day That Year: June 24
life-style,Summer concerts for kids in Beijing
politics,Chinese Vice Premier stresses tight control of property development in Xiongan
politics,Thousands of polluters shut down in Hebei
life-style,'Beijing Day' to celebrate exhibition's kickoff
business,American Airlines to tap strong travel demand between US and China
life-style,Tianjin theater unveils packed program for 2018
life-style,Beijing Dance Festival: A sizzling treat in July
education,Conference honors two decades of Beijing studies
business,Beijing Expo 2019 Ticketing Information (for online ticket buyers)
business,China's growth 'incredible contribution' to world: WEF founder
life-style,A Beijing show highlights pig motifs on cultural items
politics,China-Africa meeting will promote partnership Cape Verde foreign minister says
life-style,Xiamen to get Palace Museum gallery
politics,Authorities investigate allegations youngsters abused
education,Beijing releases new rules on preschool education
life-style,Colored sculpture in China: Innovating passing on tradition
politics,Beijing to launch campaign to improve catering industry
business,US tariff against China will backfire: China Daily editorial
politics,Coal trucks to ports will be banned
education,Domestic camps for children rock too
life-style,Sino-Foreign audiovisual translation dubbing workshop opens in Beijing
life-style,Chinese dancers showcase traditional arts and crafts in Europe
politics,Beijing to launch second phase of sub-center construction
politics,BBC sues Chinese company for trademark infringement
business,Expat jobs in some sectors increasing
politics,Greater awareness is key to solving problems
life-style,Roller skaters make a 567-km trip to Beijing
life-style,Centuries-old pingshu back in spotlight
business,Top 10 best cities for startups in China
politics,Court holds hearing for passenger suing railway authority over smoking
education,Lofty goal draws elite satellite students to China
life-style,Champion athletes inspired by visit to Chinese progress exhibition
tech,Hospitals in Beijing will use facial recognition technology to ID scalpers
business,More opening-up brings stronger B&R ties
life-style,China's winter tourism attracts nearly 200m tourists in 2017-2018 season
politics,UAE's Emirates upgrades services to Beijing Shanghai
politics,Military drills a show of force to Taiwan
politics,Affluent city dwellers among nation's least happy report shows
education,Deaf student overcomes difficulty to enter university
life-style,Tianjin Day to dazzle visitors at horticultural expo
education,China intensifies efforts to promote family education
politics,Ethiopian Airlines to facilitate visa hub service for Chinese travelers
education,Chinese scientists say penguins date back 14600 years
tech,Two paralyzed men to walk record marathon aided by robotics
business,CIIE to boost China-Finland economic relations
tech,Fuxing bullet train with greater capacity debuts
politics,Interview: Communist Party of China leads Chinese people to prosperity
politics,China's opening-up to bring more win-win results: official
life-style,Unmanned facilities smartening people's life
politics,Food liquor labels a fraudster favorite
politics,Tests start on faster extra-long bullet train
politics,Beijing offers housing help for some residents
politics,Connection to the web helps relieve poverty
business,IoT to upgrade manufacturing
tech,Key phase of Beijing-Zhangjiakou intercity high-speed railway starts
life-style,An overdose of cello
politics,Report on Fuxing trains mistaken authorities say
business,World producers aspire for greater opportunities from CIIE
tech,Beijing gears up technical parking rules for shared bikes
life-style,Bid to tempt Chinese collectors to look at rare violins
politics,Mandatory sorting of garbage in capital aims to change people's habits
life-style,For the love of food
business,US tariff threat will backfire hurt global industry chain
business,Couriers find relief at SF Express outlets
tech,Blockchain tech helps create drama
business,Top 10 cities with least-affordable housing
business,Small high-end fitness studios witness big boom
life-style,Finding the perfect match
life-style,China Int'l Tea Expo held in Beijing
business,Chinese roll on wheels to enjoy foreign trips
life-style,Preview of China Guardian Spring Auctions on in Beijing
life-style,Night riders in Beijing
life-style,Hungarian artisans share traditions with visitors in Beijing
business,Executive finds success in noodle
life-style,Millions hit road to enjoy holiday
life-style,Faces of the Silk Road
life-style,Youth drama under the spotlight in Beijing
business,Research shows China's overseas security risks may rise
politics,Overseas media reviews during China's two sessions (III)
politics,China cracks down on vulgar content online
life-style,Chinese handcraft competition kicks off in Beijing
politics,Beijing requires home visits to elderly
politics,Beijing South seeks answer to taxi woes
tech,Beijing police crack over 6600 Internet-related cases
politics,Air ambulance saves time and lives
politics,Airline industry facing challenges on two key fronts experts say
politics,China to hold agricultural outlook conference in Beijing
business,Top 10 AI innovation startups in China
business,CIIE comes as boon to revitalize world economy say Bangladeshi experts
education,Police to learn from experience of others on big sports events
business,Royal DSM sees 10% local sales growth in Q2
life-style,Students across China take center stage at major art festival in Beijing
life-style,Keep to expand physical presence
education,Foreign students experience culture on China tour
life-style,Beijing Roast Duck hits Canadian market
life-style,Washington holds tourism promotion event in Beijing
life-style,Theater league establishes headquarters
business,Finance standards to be unified
business,Urban crowding sends rents sky-high
life-style,Silk Road tour highlights: Inner Mongolia
politics,Beijing horticultural expo site conducts trial run
life-style,From 2008 to 2022: Olympic-themed exhibition to open in Beijing
business,What business leaders are watching at CIIE: Part I
business,Top 10 destinations where mainland tourists choose home stays
business,Bike-sharing firms forced to slam on the brakes
business,Top 6 Chinese cities with world's fastest growing tourism industry
business,Beijing's box office revenue tops $520m in 2017
education,Page One opens 24-hour bookstore in Qianmen
business,Top 10 international talents' favorite regions in China
business,China set to push back on latest levies
business,Africa needs innovative ways to increase exports to China
business,IMF's Lagarde criticizes protectionism urges cooperative approach as China-US trade row builds up
tech,Online bus-pooling service to debut in Beijing
tech,In Beijing new platforms will turn science into goods
politics,Part of Beijing-Shenyang high-speed railway to start operation
business,Beijing's average property income up 13.1 pct in 2017
life-style,Snow falls in Beijing with more to come
education,'Empty-nest' youths in China exceed 20 million
politics,China encourages autonomous driving development: MOT
politics,Final closure of Beijing Zoo market set at year-end
politics,Construction starts on railway station in Xiongan
life-style,What's on in Beijing (June 24-30)
business,More prudence seen amid property price slump
education,Sports-themed movie screened at Beijing school
business,Beijing relocates 1307 manufacturers
politics,Govt considers cross-regional agency on air pollution around Beijing
education,Tsinghua University launches games competition for pensioners
politics,Beijing subways to offer choice of one-day pass
business,Top 10 Chinese cities for entrepreneurship and innovation in 2017
life-style,Dutch Delights
life-style,On a high note
life-style,US woman plays major role in promoting Chinese culture
education,16th Vision Youth Awards kick off in Beijing
tech,Renewable energy to power Beijing's new airport
business,Factory plans transformation to cultural park
life-style,Ecuadorian singer La Toquilla dazzles in China debut
business,Top 10 cities attracting Chinese returnees to start up business
politics,Doctors look to break public system shackles
tech,Italian sculptor once follows legend to China expects to ride China-Europe high-speed train now
life-style,Intrepid traveler overcomes all obstacles to shoot the stars
business,Tapping into Chinese market requires patience trust says US businesswoman
education,Study program hits high note
business,Top 10 most fascinating Chinese cities for international tourists
business,Arcade clients claw way to success
life-style,Andy Warhol photos give unique impression of early 80s China
life-style,Qipao cultural experience held in Beijing
life-style,'I will work harder to change my life'
life-style,Two years after smoking ban begins Beijing has fewer smokers: white paper
business,Red tourism pays off for Shaoshan
life-style,Czech Philharmonic to tour China in May
business,Takeaways from the fifth WIC
education,Nothing like a textbook case of learning
business,Sany builds on reform foundation for firm success in global markets
politics,Xi's vision of shared future wins praise
education,HK students arrive for summer study internship
business,Fortune 500 companies at CIIE and their China stories
life-style,Actor Huang Jue: Films bridge Sino-French cultural exchanges
life-style,China studies attract young scholars worldwide
business,Carmaker taps growing off-road vehicle culture
business,Greek twins make a mark in livestreaming
life-style,Winter sports spur holiday spending
life-style,On the road beyond Beijing
life-style,EU-China Literary Festival promotes cultural communications
business,10 out of 31 regions post double-digit growth in consumption
politics,New rules aid applicants who plan overseas trips
education,China's volunteers help drive sustainable development
life-style,Jingdezhen ceramics shine in capital
business,Rail passengers left standing angry at lack of refund
life-style,Master showman returns for 2018 Games in S. Korea
politics,Air quality in Beijing Tianjin worsens this year
life-style,Discovering the charm of traditional hutong through Airbnb
life-style,Briefly
politics,Longer Fuxing bullet train starts operation
business,Smart strategy revives shoe brand
life-style,From 2008 to 2022: Legacies from the Olympics
life-style,Airbnb ends offer of stay at Great Wall
politics,Beijing moves to protect children at risk
politics,Hosting events develops abilities
business,Global commercial streets sign 'Wangfujing Consensus' in Beijing
tech,Researchers track job and housing dynamics with transit smartcard data
life-style,Live broadcasts of theater plays gaining popularity
business,Bigger is better car buyers say
education,Beijing's largest school for migrant children to close
business,Top 10 US-listed firms favored by Chinese investors
business,Founder Group plans healthcare clusters in 5 regions
tech,Web giants in vanguard of overhaul
politics,Illegal parking in Beijing to face double punishments
politics,Man injures self in blast outside US embassy
life-style,Work begins to clean up Beijing's 'dirty streets'
business,Big data proves boon in Guiyang
politics,Police nab online gamblers during World Cup
business,Former executives jailed for fraud
life-style,Forum urges social responsibility in the integration of culture and tourism
politics,Xi visits cadres residents in Beijing ahead of Spring Festival
life-style,Major exhibit to showcase horticultural wonders
politics,Volunteers begin year-long life support experiment
life-style,Nightlife & Activities
politics,Aging population could boost hospice services
education,Education improves for migrants' children
life-style,Chinese tourists to Ireland expected to more than double by 2025
life-style,Classic Broadway musical given Chinese character
life-style,The life of Sissi
life-style,Lifestyles of new-generation farmers
business,Top 10 internet unicorns in China
politics,Beijing Daxing airport expressway to finish construction this year
politics,Experts: Internet should unite not divide China US
education,RYB shares plunge nearly 40 percent in early New York trade
business,Expo seen as boost for African business
life-style,This Day That Year: May 8
education,Beijing students take SAT CAT abroad
business,AECOM set to build on China's solid foundation
business,Beijing takes aim at congestion pollution with new car limits
politics,New trains ease pressure off busy Beijing-Shanghai high-speed rail
life-style,What's on in Beijing (Aug 19-25)
tech,News app to promote credibility in online media
politics,Beijing starts building BRT between downtown new govt center
education,Shaanxi university to promote culture alongside Palace Museum
life-style,Reunion of cast of 'Journey to the West'
life-style,Cultural institutions honor contributions to relics' protection
business,Students in Russia for forum on media
politics,Beijing ups ante against air pollution
tech,Rearview mirror: Car industry's hot topics in 2017
business,Tourism spending power index rises for third straight year
politics,Rapid advances power China's online transformation
education,Ministry: Cram schools that fail inspections to make changes by year-end
business,Green development ready to go in Xiongan New Area
politics,Xinjiang to Beijing on foot no mean feat
politics,Ivory carving factory advised transformation under ivory ban
life-style,Parisian pavilion displays designs for life
tech,Private firm planning first orbital launch
business,Shuffling comes into sharp focus
tech,Sogou CEO: China's AI industry has embraced growth
life-style,A cultural shift
life-style,Culture's small theme parks to push kid-centric ventures
business,Talks to be resumed on Sino-US trade
education,Beijing schools launch new steps against bullying
politics,Ministry forecasts heavy air pollution
life-style,Colombian sings personal ode to China
life-style,More turning to the bare essentials of life
education,Favorable ethnic policies bring benefits to Tibetans
politics,Chinese vice premier calls for Jing-jin-ji integrated development
life-style,Reimagining a classic
life-style,Gourmet festival offers Chengdu flavor
life-style,Beijing horticultural expo set to wow global visitors
politics,Multiple measures fighting smog in northern China
life-style,Children¡¯s charity show in Beijing targets health safety
education,Volunteers train for service at horticultural exhibition
politics,Beijing-Xiongan intercity railway being planned
education,New school remembers China's pioneering graduate
politics,China speeds up underground survey of Xiongan New Area
business,1200 yuan brunches herald evolving dining tastes in China
tech,Wuzhen shows glimpse of a digital future
life-style,How I learned to love my cultural heritage
politics,Govt to roll out more measures to strengthen reform
education,Retiree helps rural students
education,China's first sports guideline for preschool children published
business,Fitch: Stable outlook for China Fortune Land Development
life-style,Bullet train to link Beijing and Hong Kong in nine hours
politics,Xi calls for all nations to uphold equality
life-style,Revisiting classics
politics,Why the world is fixated on modern China
life-style,Sloping off for winter
life-style,Take it to street
life-style,Hungarian dance 'Princess Sissi' to be performed in Beijing in April
politics,China Kyrgyzstan agree BRI key to bilateral ties regional cooperation
education,Expert suggests Xiongan can open its own universities
tech,Protecting driverless cars from cyberattacks
business,China's top 10 most attractive cities for real estate development
life-style,Runners with vision
life-style,Royal ballet of Cambodia to take center stage at Beijing arts festival
life-style,Caring for the elderly in smarter way
politics,Xiongan shifts its focus from planning stage to full-scale construction
politics,System of family doctors developing
life-style,Winter sports spur holiday spending
politics,Xi's menus revealed at exhibition
education,Beijing launches kindergarten checks following child abuse claims
politics,Beijing to further open up help firms
life-style,Roundup
life-style,Creative China Festival wraps up this month
life-style,Int'l horticultural expo to hold 2500 cultural activities
life-style,Epic effort
education,Migrant children have greater chance of missing out on school
politics,Beijing's new airport fast taking shape
business,Shares surge on Xiongan but sustainability concerns arise
politics,Pollution curbs set to make skies clearer
business,British businesses shed light on 'Made for China' at CIIE
life-style,Chinese tourists go to South Korea
business,Job-hopping: the new normal for millennials
politics,Preserving green heritage
education,'Creatives' relocate to embrace new opportunities
politics,Xi meets Nigerian president
tech,Big data promotes China's tourism
business,Beijing Lanxum inks deal with Beijing Normal
life-style,Gotcha at the opera
politics,Low wages and lack of respect responsible for kindergarten abuse experts say
business,Olympics preparation warms up winter sports economy
life-style,China heads home for the holidays
business,Top 10 Chinese cities with the best business environment
life-style,Great hopes riding on equestrian sports in China
life-style,Best bets
tech,China Internet Culture Conference to be held in December
life-style,Female artist uses stickers to show pop culture
politics,Border control to beef up staff for travel rush
business,Lifan set to ride the reform wave for continued rewards
politics,Urbanites in thrall to a growing passion
education,Student of Beijing's migrant school gets into Harvard
business,Minister: Fiscal policy to boost structural reforms
education,TV program looks at Chinese students abroad
life-style,Protect your eyes in badminton doctor says
life-style,Chasing a dream in the capital
politics,Investigation confirms obscene behavior by Beijing abbot
business,Shanghai tops in per capita disposable income
business,Beijing residents set to raise a glass to Scottish gin
education,Beijing offers incentives to rural schoolteachers
life-style,Tiantongyuan redevelopment set to improve lives
business,Beijing fosters new momentums for high-quality growth
life-style,Internet firm holds cultural forum in Beijing
politics,Beijing issues yellow alert for air pollution
politics,Analysts gain recognition as number of blue sky days rises
tech,Beijing's electric buses to number 10000 by 2020
education,Island education draft shifts view of China
politics,China-US companies' deals signed during Trump's visit to China
life-style,World No 1 snooker player targets Chinese fans
tech,Beijing to improve parking systems
politics,Circuit courts bring convenience and speed
life-style,Haitian folk dance troupe holds debut show in Beijing
tech,Beijing likes shared bicycles£­however ...
life-style,Long and winding road
education,Beijing primary schools to accept children of renters
life-style,Turning poetry into song
business,Firms vie for clients as co-use business accelerates
life-style,Kids' winter sports skills to get boost in plan for 2022 Games
politics,Focus of Winter Games shifts to venues
life-style,Old Summer Palace stones to be reinforced
business,Nebraska governor hopeful of end to tariff dispute
politics,Xi stresses people-centered approach in land greening
life-style,New song released to help others hear
tech,E-commerce giant launches robot courier
tech,Beijing police investigate Baidu self-driving car video
politics,US to impose limits on some Chinese visas: AP sources
business,Top State firms eye Xiongan prospects
politics,Xiongan plans to excavate two canals to Beijing Tianjin
life-style,Chinese tenor organizes concert in memory of opera teacher
politics,International horticulture expo promotes capital's eco-friendly drive
politics,Li: Broaden ties with Philippines
business,Haier Xiaomi architects present 'future homes'
business,Overseas ventures reap dividends
business,Shanghai ready to host guests
business,Dedicated follower of fashion
education,Hong Kong scientists discover deadly brain cancer mutation route
business,E-businesses tap into fresh food sector
business,Innovation heralds a new online era
business,Railway firm to raise funds on A-share market
politics,African swine fever outbreak reported in Beijing
business,Xiongan shares up as construction continues
life-style,Clean villages on former dumps
tech,Free online access could spur runaway growth in internet industry
politics,The era of compulsory garbage sorting begins
tech,Practical robots shine at 2018 WRC
tech,Tech cultural products highlight service trade fair
politics,Hebei capital releases regional travel card
politics,Time is right to strengthen China-Japan ties
politics,Chinese actor Ge You wins image rights lawsuit
politics,Building a smarter greener transport industry of the future
life-style,Winter Naadam held near Xanadu preserves ethnic culture sports
education,Chinese NGO holds sex education training program
life-style,Shows
business,Young Chinese leave big expensive cities due to soaring housing prices
tech,Beijing puts brakes on electric bikes
business,Truth not myths should prevail over China-US trade
life-style,Chinese choir wins top prize at international choral competition
politics,Crackdown on Beijing housing market irregularities intensified
life-style,Families go wild
politics,Beijing opens two new foreigner exit-entry service centers
education,Beijing to make a citywide push for student nutrition
business,China vows to fight US unilateralism 'till the very end'
tech,Sinnet to buy cloud hardware from Amazon
life-style,Ballet legend bows out
tech,Beijing-Zhangjiakou bullet line gets powered up
business,Former disciplinary inspector stands trial for bribery
education,The play¡¯s the thing for primary school students
politics,Beijing promises to improve air quality
tech,National sports data lab launched
life-style,Opera troupe resurrects Qing dynasty crime classic
politics,Legal support to boost Belt and Road Initiative
education,Nine years on people in Yushu embrace new life after quake
business,Ambassador welcomes moves away from trade war
politics,NPC to look into amending basic law
life-style,Gala held for the 15th Beijing Dance Academy Awards
education,Hebei official proposes Xiongan University
politics,Beijing's Yanqing expands forest for horticultural expo
life-style,Top 10 fastest growing tourism cities in the world
life-style,Documentary traces steps of Xuanzang
life-style,New translation database promotes Chinese literature overseas
politics,Heavily polluted weather likely to hit parts of China in 10 days: forecast
politics,Some cities beat targets for pollution
business,Shares surge over Xiongan New Area
life-style,Beijing to have hutong chiefs
business,Columbian model obtains success in China
business,Hyatt Homeinns to set up JV to tap Chinese market
politics,Incorrect translation of signs criticized
business,Millions working in shadow of sharing but uncaring economy
life-style,The man who loves China
life-style,30000 extra flights OK'd for Spring Festival
politics,Xi backs closer Qatar cooperation
business,Xiaozhu starts biz travel service
life-style,Berlin-based program makes classical music more accessible
tech,Swipe phone to take Beijing subway
education,Road to success
education,School says scandal will spark policy
life-style,A modern mission to advance tradition
life-style,What's on in Beijing (Aug 26 - Sept 1)
life-style,Palace Museum branch begins construction in Hong Kong
life-style,Chinese women spending more on themselves: report
business,Aeroflot to expand China-Russia flights
business,Anti-dumping measures on US sorghum will not greatly impact China: MOC
education,Cash incentives to keep rural teachers
politics,Li: Opening-up to grow including service sector
politics,Beijing bans scooters and self-balancing transporters from roads
business,Sound China-US economic trade ties conform to fundamental interests of both peoples: Chinese Vice-President
life-style,Budding bands
education,Building a bridge
education,Apartment-hunt proves a learning experience in summer
politics,Planning for Hebei new area is on fast track
tech,African youth love China's technology culture
life-style,Post-90s girl rides high on motorcycles
business,China halts US sorghum dumping probe
business,Upcoming 2017 Summer Davos to focus on inclusive growth
business,Ofo customers still wait for refunds
life-style,Turning back the clock
business,Turkmenistan opens first China visa center
tech,The drive toward high-tech roads
tech,Beijing builds 4300 5G stations in core areas
education,Adviser hopes to boost kindergarten teachers' pay
tech,JD.com launches robot deliveries in Beijing
life-style,Celebrating a legacy
life-style,Achievements of Chinese-foreign cooperation in AV translation announced in Beijing
politics,Second World SME Conference to be held in Beijing
life-style,Beijing to open 3 new metro lines this year
politics,Different point of view for US public
politics,Xi expresses optimism for partnerships
life-style,Survey finds smoking damages male fertility
politics,Rails expand high-speed network
education,Extra places to lift kindergarten sector
politics,China turns the lights off for Earth Hour
life-style,Exhibition fuses intangible cultural heritage with internet
tech,Tracking the tracks: China's high-speed rail network
life-style,Dutch percussion ensemble performs at horticulture event
tech,Horticultural exhibits delve into high-tech magic
education,Ministry: Almost 98% of Chinese schools assigned supervisors
tech,Purrfect A smart shelter powered by AI keeps stray cats warm in winter
business,New Zealand firm aims to dazzle with premium apple
tech,Meituan-Dianping eyes burgeoning autonomous tech sector
education,Disabled find more paths to college
education,Beijing Sports University releases Olympic anthem
politics,Winter Olympic preparations on track with focus on competition centers leading organizer says
tech,Nation ranks second in new internet index
politics,Preschool oversight to be strengthened
life-style,Canon sharpens focus on AI in medical imaging
life-style,Sleep-sharing capsules temporarily closed in Beijing
business,Shared accommodation industry can boost housing market: tech CEO
life-style,Family winter sports camp held in Beijing¡¯s Shunyi
business,Walmart opens third Sam's Club in Beijing
business,World's top 10 startup ecosystems
life-style,Beverly Hills celebrates Chinese New Year in typical grand style
business,Report: Beijing Shenzhen Shanghai most innovative cities in China
education,China completes gene expression profiles of human digestive tract
life-style,Mini-gyms pop up in Beijing
tech,New platform to help start-ups use science tech in business
life-style,An exciting new chapter opens in Beijing
politics,Shanghai residents ranked the 'most lazy' in China
business,Students show purchasing power
education,Passing down Peking Opera: Students to take center stage at Beijing arts festival
life-style,Summer tourism picks up at Winter Olympics venue
life-style,Israel seeks to attract more Chinese guests
life-style,Graduates shun first-tier cities for easier lifestyle
politics,Beijing Frankfurt airports team up with Air China for convenient travel
life-style,All the rage: Beijingers vent their stress in 'anger room'
business,What to expect from China's first import expo
education,Business model feed the need
life-style,Christmas town unveiled at Beijing's Indigo mall
tech,Beijing uses drone for pine trees health monitoring
life-style,New Chinese TV 'star' rises across Africa
life-style,Flower competitions begin at horticulture expo
life-style,New pants remain fashionable
business,Top 10 billionaires in clean energy sector
business,Beijing Capital International Airport hits 100 million passenger mark
tech,Technical experts to brief Beijing judges hearing IP cases
business,Beijing's GDP over 40 times higher than 1987
life-style,Rail traffic peaks as millions return from holiday trips
life-style,Painter with a pulse
politics,Prosecutors test ways to stop child abuse
politics,Anti-smog campaign continues in north
politics,Beijing sets sights on further opening
life-style,Maritime Silk Road themed exhibition opens at Forbidden City
life-style,Amateur dancers embrace performing at Beijing festival
education,Court punishes organized exam cheaters
business,Beijing's culture trade expands steadily
education,Youth aerospace contest held to find new talent
business,10 hot tourism topics for Chinese people
business,Perfect pitch: Life of a dubber
politics,Huai'an goes extra mile to protect Beijing-Hangzhou Grand Canal
education,Students steer clear of physics in gaokao
life-style,Retreading the Bard
life-style,The force behind an ascending star
life-style,Treat for fans of classical music
life-style,China is a tourism powerhouse
tech,Knowledge sharing apps gaining traction
politics,Society must be engaged to tackle scourge of weak eyesight expert says
education,Students stage musical to pay tribute to Mentougou district teacher
education,How a disabled girl overcame all odds
business,Shades of success with handmade dyed textiles
life-style,African Americans in China
politics,President says China hopes talks on peninsula denuclearization succeed
education,Market size of school education doubles in 5 years
business,Mom and daughter hosts boost sales on Taobao
tech,Taobao adds flavor of 'cuteness' to Shaxian Delicacies
business,Food courier pay ranks alongside some white collars
politics,New steps to tackle air pollution set for Beijing region
politics,Beijing builds homestays as expo draws close
tech,China's AI patents account for 22% of world's total: official
life-style,Report: Young people main force in outbound travel
politics,Moscow and Beijing mull path to peace
life-style,Parking meters coming to capital
tech,Robot gives guidance in Beijing court
life-style,Bamboo to be a special feature of Beijing Intl Horticulture Exhibition
tech,Chinese internet companies need to play bigger role in internet rules
education,Young foreign Chinese singers make beautiful music together
tech,New online platform will ease tax payment in Beijing
business,Plan helps drive Great Wall Motor
education,College student opens first unwatched flower shop in Beijing
politics,2554 websites closed over pirated content
life-style,Famed choreographer dies at 87
politics,Beijing South loses its luster for travelers
education,Push for rise in snow and ice sports' participation
politics,Nation to step up fight on air pollution
business,Mixing business with pleasure: 5 entrepreneurs motivated by their passion
life-style,Farmers train for 2022 Games
business,The gym comes to you in the sharing economy
life-style,Cultural communication boosts China-Uruguay ties
politics,'Rules institutions' emphasized
life-style,Bridging East and West: Chu Yan's new fashion creations
tech,Data reveals Spring Festival holiday travel trends
politics,China offers wisdom in global governance
business,Chinese facing up to online visa services
business,Positive progress seen in Sino-US trade talks
life-style,Charting Xi's efforts to turn Winter Olympics a success
business,IMF maintains China economic growth forecast for 2019
business,Beijing eases rules on foreign recruiters
business,Foreign exporters see opportunities
business,Coordinated integrated strategies key in metropolitan areas
business,'US risks future of multilateral system'
business,How building efficiency partnerships can help China meet its sustainability goals
politics,Xi Jinping's seven quotes about life
politics,Delivery platforms urged to reduce plastic pollution
politics,Adverse conditions behind pollution in Beijing-Tianjin-Hebei region
politics,Beijing helps jobless from safety campaign
life-style,More than 1000 types of flower set to delight visitors with a visual feast
life-style,2.2m daily entry exit trips expected for May Day holiday
business,China remains anchor of growth globalization
life-style,From kung fu to restaurants: Journey of an Indian man
tech,Online store on WeChat looks to fill niche for souvenirs
life-style,Israeli director Dan Wolman brings six movies to Beijing
life-style,Visual feast ahead
business,Startups shine at maker night
life-style,Qinghai Belt and Road exhibition opens in Beijing
politics,Team led by drug watchdog chief to probe handling of substandard vaccine
politics,Beijing opens 3 new subway lines
education,Central China youth behind in web literacy
business,Bookshops are back in business
life-style,Children's books become a highlight at Beijing book fair
education,Wang Rongpei: Legal eagle helping those most in need
education,Beijing provides subsidies to kindergartens after child abuse case
life-style,Documentary 'Beijing Night' to be broadcast on German TV
life-style,Forum on visual design held in Beijing
education,New policies ease access to kindergarten
life-style,New show offers platform to Brazilian Chinese artists
business,Summer Davos forum closes highlights inclusive growth
education,Camp bridges cultural divide
politics,Are you an employee It depends judges say
politics,Beijing authorities unveil plans for Expo 2019
politics,Enforcement of rulings gets priority
education,Separate exam sites for HIV students spark controversy
life-style,China hosts carnival celebrating diversity of Asian civilizations
business,Chile to attract Chinese investment in public transit
life-style,Documentary looks at China's close links with Cambodia
life-style,'Farewell My Concubine': Remake of Peking Opera classic to debut in Beijing
business,Shanghai becomes international talents' favorite city
business,China forced to fight back with reciprocal tariffs: Commentary
education,Woman's teaching credentials denied because she's short
education,Rural girls pursue ballet dreams
education,Learning hard lessons from veteran vets in the countryside
education,Beijing offers required training for kindergarten staff
life-style,Exhibition details the depiction of dragon
politics,Beijing to further cut coal consumption
life-style,Artist's embrace of heaven and Earth seen in new show
politics,Breaking damaging rumors around food safety in China
education,Small is good for preschool firms
tech,China ranks No 2 in internet talents among BRICS countries
education,Beijing will relocate 80000 people in four universities by 2022
politics,Beijing's fight against pollution to continue in 2019
life-style,Innocent eyes capture the beauty of science and art
life-style,Haidilao opens smart restaurant in Beijing
tech,Beijing to launch driverless subway
tech,Technical optics pioneer: Wang Daheng
politics,Transport capacity expanded to ease pressure on capital
business,Soybean trade faces good prospects if disputes settled
education,Once a symbol of cold 'snowflake boy' embraces warm new life
politics,China punishes online companies for spoofing Communist classics heroes
business,New area to be 'historic' development
life-style,Chinese opera troupes aim to use web to boost traditional art form
politics,Chinese president sends congratulatory message to 32nd AU summit
education,Satellite gives students high-level lessons
business,Iranian businessman finds success in Yiwu
business,Chinese premier to attend Summer Davos in Dalian
life-style,'Little Big City Beijing' set to showcase city's history in a fun way
tech,China to develop driverless high-speed trains
politics,China Trump envoy may meet at Davos
tech,New energy cars vie for in-demand license plates
tech,Cheetah banks on artificial intelligence to spread reach
life-style,Music label marks 120th milestone in imperial style
business,Shanghai-based budget carrier aims to innovate travel payments through its smartphone app
business,China's flag carrier to start daily Beijing-Dubai flights from March
business,From beggar to king of the noodles
business,Nation ready for heavier trade friction
life-style,Ex-veteran showers love on dogs through training
life-style,Good teamwork through music
politics,Ministry confirms launch date for key financial body
business,Students to be vital cogs in travel sector
business,Crackdown takes aim at renovations in
life-style,In with the old in with the new
education,Students' tour highlights innovation in Beijing
life-style,Hema Fresh starts 24-hour deliveries in 2 cities
business,China-US trade health important to both sides the world
politics,Xi-Kim meeting affirms China's role in peace initiative
politics,Convenience store chain denies selling expired food
politics,Airport shuffles its flight schedule to ease morning crunch
education,Celebrity actors taught a lesson in school reunion TV show
tech,Travel getting easier£­just ask the robots
life-style,Hungarian puppet show set for Meet in Beijing Arts Festival
life-style,What's on in Beijing (Nov 11-17)
tech,600 bitcoin computers seized
politics,Coal burning no longer major source of Beijing PM2.5: study
education,Two generations teach in Ningxia
life-style,Exhibition focuses on work of noted army photographer
politics,Clean villages on former city dumps
tech,Chinese carmaker FAW to launch new Hongqi SUV model in 2019
life-style,News center for Asian cultures event opens doors
business,Fresh tariffs show US politics trumping people's interests say experts
politics,Pollution battle reaching new level as air gets clearer
business,Foreign Ministry expects trade deal with US to hold
politics,Search for 'extreme' Olympic athletes going global
life-style,Theater treats in the capital
business,Wanda's sports arm hopes to raise $500m via New York float
business,Realty market stays on even keel
life-style,Most Chinese adolescents hold positive impression on Confucius: Survey
education,Beijing to set up institution to oversee and supervise city's after-school centers
politics,Beijing expects large traffic influx
tech,Self-driving cars just around the corner
business,China-US relations shaky: Survey
business,Soaring sales of 'duty-free' boost profits
politics,Food delivery apps Meituan and Ele.me deny eavesdropping claim
business,Government: Sharing economy expected to grow 40% annually
politics,Foreign ministry defends UN visit to Xinjiang
life-style,Get out of town go back in time
life-style,Beauty of Miao ethnic group to be displayed in Beijing
business,City district changes on wave of reform opening-up
life-style,Oscar winner Tan Dun to present concert
life-style,Kite shop in Beijing continues to fly high after 100 years
politics,Modest targets set for easing congestion
life-style,Children's Theater Carnival travels to the Capital
business,Role model for innovation high-quality development
tech,Beijing Benz recalls some 2000 cars over airbag default
life-style,Famous Jiangnan landscapes to go under the hammer in Beijing
education,'Corridor classroom' provides a teaching tonic for leukemia kids
life-style,China Design honored at Mexican culture festival
business,Beijing's white-collar workers paid best in China
politics,China's achievements over past 70 years a 'success'
life-style,Shows you don't want to miss in 2018 at Beijing Tianqiao
politics,Scholars officials gather in Beijing for human rights forum
education,Chinese students gather in downtown Chicago celebrating Mid-Autumn Festival
politics,Nation to provide more efficient convenient immigration services
politics,Beijing Tianjin Hebei to offer 144 hours visa-free
politics,World-class airports to serve Beijing-Tianjin-Hebei region
politics,Smoking ban proposed for beaches in Qinhuangdao
business,Ministry tells Ofo to return deposits
